,name,price,status
0,A Light in the Attic,51.77,In stock
1,Tipping the Velvet,53.74,In stock
2,Soumission,50.10,In stock
3,Sharp Objects,47.82,In stock
4,Sapiens: A Brief History of Humankind,54.23,In stock
5,The Requiem Red,22.65,In stock
6,The Dirty Little Secrets of Getting Your Dream Job,33.34,In stock
7,"The Coming Woman: A Novel Based on the Life of the Infamous Feminist, Victoria Woodhull",17.93,In stock
8,The Boys in the Boat: Nine Americans and Their Epic Quest for Gold at the 1936 Berlin Olympics,22.60,In stock
9,The Black Maria,52.15,In stock
10,"Starving Hearts (Triangular Trade Trilogy, #1)",13.99,In stock
11,Shakespeare's Sonnets,20.66,In stock
12,Set Me Free,17.46,In stock
13,Scott Pilgrim's Precious Little Life (Scott Pilgrim #1),52.29,In stock
14,Rip it Up and Start Again,35.02,In stock
15,"Our Band Could Be Your Life: Scenes from the American Indie Underground, 1981-1991",57.25,In stock
16,Olio,23.88,In stock
17,Mesaerion: The Best Science Fiction Stories 1800-1849,37.59,In stock
18,Libertarianism for Beginners,51.33,In stock
19,It's Only the Himalayas,45.17,In stock
20,In Her Wake,12.84,In stock
21,How Music Works,37.32,In stock
22,"Foolproof Preserving: A Guide to Small Batch Jams, Jellies, Pickles, Condiments, and More: A Foolproof Guide to Making Small Batch Jams, Jellies, Pickles, Condiments, and More",30.52,In stock
23,Chase Me (Paris Nights #2),25.27,In stock
24,Black Dust,34.53,In stock
25,Birdsong: A Story in Pictures,54.64,In stock
26,America's Cradle of Quarterbacks: Western Pennsylvania's Football Factory from Johnny Unitas to Joe Montana,22.50,In stock
27,Aladdin and His Wonderful Lamp,53.13,In stock
28,Worlds Elsewhere: Journeys Around Shakespeare’s Globe,40.30,In stock
29,Wall and Piece,44.18,In stock
30,The Four Agreements: A Practical Guide to Personal Freedom,17.66,In stock
31,The Five Love Languages: How to Express Heartfelt Commitment to Your Mate,31.05,In stock
32,The Elephant Tree,23.82,In stock
33,The Bear and the Piano,36.89,In stock
34,Sophie's World,15.94,In stock
35,Penny Maybe,33.29,In stock
36,Maude (1883-1993):She Grew Up with the country,18.02,In stock
37,"In a Dark, Dark Wood",19.63,In stock
38,Behind Closed Doors,52.22,In stock
39,You can't bury them all: Poems,33.63,In stock
40,Slow States of Collapse: Poems,57.31,In stock
41,Reasons to Stay Alive,26.41,In stock
42,Private Paris (Private #10),47.61,In stock
43,#HigherSelfie: Wake Up Your Life. Free Your Soul. Find Your Tribe.,23.11,In stock
44,Without Borders (Wanderlove #1),45.07,In stock
45,When We Collided,31.77,In stock
46,"We Love You, Charlie Freeman",50.27,In stock
47,Untitled Collection: Sabbath Poems 2014,14.27,In stock
48,"Unseen City: The Majesty of Pigeons, the Discreet Charm of Snails & Other Wonders of the Urban Wilderness",44.18,In stock
49,Unicorn Tracks,18.78,In stock
50,"Unbound: How Eight Technologies Made Us Human, Transformed Society, and Brought Our World to the Brink",25.52,In stock
51,Tsubasa: WoRLD CHRoNiCLE 2 (Tsubasa WoRLD CHRoNiCLE #2),16.28,In stock
52,Throwing Rocks at the Google Bus: How Growth Became the Enemy of Prosperity,31.12,In stock
53,This One Summer,19.49,In stock
54,Thirst,17.27,In stock
55,The Torch Is Passed: A Harding Family Story,19.09,In stock
56,The Secret of Dreadwillow Carse,56.13,In stock
57,"The Pioneer Woman Cooks: Dinnertime: Comfort Classics, Freezer Food, 16-Minute Meals, and Other Delicious Ways to Solve Supper!",56.41,In stock
58,The Past Never Ends,56.50,In stock
59,The Natural History of Us (The Fine Art of Pretending #2),45.22,In stock
60,The Nameless City (The Nameless City #1),38.16,In stock
61,The Murder That Never Was (Forensic Instincts #5),54.11,In stock
62,The Most Perfect Thing: Inside (and Outside) a Bird's Egg,42.96,In stock
63,"The Mindfulness and Acceptance Workbook for Anxiety: A Guide to Breaking Free from Anxiety, Phobias, and Worry Using Acceptance and Commitment Therapy",23.89,In stock
64,The Life-Changing Magic of Tidying Up: The Japanese Art of Decluttering and Organizing,16.77,In stock
65,"The Inefficiency Assassin: Time Management Tactics for Working Smarter, Not Longer",20.59,In stock
66,The Gutsy Girl: Escapades for Your Life of Epic Adventure,37.13,In stock
67,The Electric Pencil: Drawings from Inside State Hospital No. 3,56.06,In stock
68,The Death of Humanity: and the Case for Life,58.11,In stock
69,"The Bulletproof Diet: Lose up to a Pound a Day, Reclaim Energy and Focus, Upgrade Your Life",49.05,In stock
70,The Art Forger,40.76,In stock
71,The Age of Genius: The Seventeenth Century and the Birth of the Modern Mind,19.73,In stock
72,The Activist's Tao Te Ching: Ancient Advice for a Modern Revolution,32.24,In stock
73,Spark Joy: An Illustrated Master Class on the Art of Organizing and Tidying Up,41.83,In stock
74,Soul Reader,39.58,In stock
75,Security,39.25,In stock
76,"Saga, Volume 6 (Saga (Collected Editions) #6)",25.02,In stock
77,"Saga, Volume 5 (Saga (Collected Editions) #5)",51.04,In stock
78,Reskilling America: Learning to Labor in the Twenty-First Century,19.83,In stock
79,"Rat Queens, Vol. 3: Demons (Rat Queens (Collected Editions) #11-15)",50.40,In stock
80,"Princess Jellyfish 2-in-1 Omnibus, Vol. 01 (Princess Jellyfish 2-in-1 Omnibus #1)",13.61,In stock
81,Princess Between Worlds (Wide-Awake Princess #5),13.34,In stock
82,"Pop Gun War, Volume 1: Gift",18.97,In stock
83,"Political Suicide: Missteps, Peccadilloes, Bad Calls, Backroom Hijinx, Sordid Pasts, Rotten Breaks, and Just Plain Dumb Mistakes in the Annals of American Politics",36.28,In stock
84,Patience,10.16,In stock
85,"Outcast, Vol. 1: A Darkness Surrounds Him (Outcast #1)",15.44,In stock
86,orange: The Complete Collection 1 (orange: The Complete Collection #1),48.41,In stock
87,Online Marketing for Busy Authors: A Step-By-Step Guide,46.35,In stock
88,On a Midnight Clear,14.07,In stock
89,Obsidian (Lux #1),14.86,In stock
90,My Paris Kitchen: Recipes and Stories,33.37,In stock
91,Masks and Shadows,56.40,In stock
92,"Mama Tried: Traditional Italian Cooking for the Screwed, Crude, Vegan, and Tattooed",14.02,In stock
93,"Lumberjanes, Vol. 2: Friendship to the Max (Lumberjanes #5-8)",46.91,In stock
94,"Lumberjanes, Vol. 1: Beware the Kitten Holy (Lumberjanes #1-4)",45.61,In stock
95,Lumberjanes Vol. 3: A Terrible Plan (Lumberjanes #9-12),19.92,In stock
96,"Layered: Baking, Building, and Styling Spectacular Cakes",40.11,In stock
97,Judo: Seven Steps to Black Belt (an Introductory Guide for Beginners),53.90,In stock
98,Join,35.67,In stock
99,In the Country We Love: My Family Divided,22.00,In stock
100,Immunity: How Elie Metchnikoff Changed the Course of Modern Medicine,57.36,In stock
101,"I Hate Fairyland, Vol. 1: Madly Ever After (I Hate Fairyland (Compilations) #1-5)",29.17,In stock
102,I am a Hero Omnibus Volume 1,54.63,In stock
103,How to Be Miserable: 40 Strategies You Already Use,46.03,In stock
104,Her Backup Boyfriend (The Sorensen Family #1),33.97,In stock
105,"Giant Days, Vol. 2 (Giant Days #5-8)",22.11,In stock
106,Forever and Forever: The Courtship of Henry Longfellow and Fanny Appleton,29.69,In stock
107,First and First (Five Boroughs #3),15.97,In stock
108,Fifty Shades Darker (Fifty Shades #2),21.96,In stock
109,Everydata: The Misinformation Hidden in the Little Data You Consume Every Day,54.35,In stock
110,"Don't Be a Jerk: And Other Practical Advice from Dogen, Japan's Greatest Zen Master",37.97,In stock
111,Danganronpa Volume 1,51.99,In stock
112,Crown of Midnight (Throne of Glass #2),43.29,In stock
113,"Codename Baboushka, Volume 1: The Conclave of Death",36.72,In stock
114,Camp Midnight,17.08,In stock
115,Call the Nurse: True Stories of a Country Nurse on a Scottish Isle,29.14,In stock
116,Burning,28.81,In stock
117,Bossypants,49.46,In stock
118,"Bitch Planet, Vol. 1: Extraordinary Machine (Bitch Planet (Collected Editions))",37.92,In stock
119,"Avatar: The Last Airbender: Smoke and Shadow, Part 3 (Smoke and Shadow #3)",28.09,In stock
120,Algorithms to Live By: The Computer Science of Human Decisions,30.81,In stock
121,A World of Flavor: Your Gluten Free Passport,42.95,In stock
122,"A Piece of Sky, a Grain of Rice: A Memoir in Four Meditations",56.76,In stock
123,A Murder in Time,16.64,In stock
124,A Flight of Arrows (The Pathfinders #2),55.53,In stock
125,A Fierce and Subtle Poison,28.13,In stock
126,A Court of Thorns and Roses (A Court of Thorns and Roses #1),52.37,In stock
127,(Un)Qualified: How God Uses Broken People to Do Big Things,54.00,In stock
128,You Are What You Love: The Spiritual Power of Habit,21.87,In stock
129,"William Shakespeare's Star Wars: Verily, A New Hope (William Shakespeare's Star Wars #4)",43.30,In stock
130,Tuesday Nights in 1980,21.04,In stock
131,Tracing Numbers on a Train,41.60,In stock
132,Throne of Glass (Throne of Glass #1),35.07,In stock
133,Thomas Jefferson and the Tripoli Pirates: The Forgotten War That Changed American History,59.64,In stock
134,Thirteen Reasons Why,52.72,In stock
135,The White Cat and the Monk: A Retelling of the Poem “Pangur Bán”,58.08,In stock
136,The Wedding Dress,24.12,In stock
137,The Vacationers,42.15,In stock
138,The Third Wave: An Entrepreneur’s Vision of the Future,12.61,In stock
139,The Stranger,17.44,In stock
140,The Shadow Hero (The Shadow Hero),33.14,In stock
141,The Secret (The Secret #1),27.37,In stock
142,The Regional Office Is Under Attack!,51.36,In stock
143,The Psychopath Test: A Journey Through the Madness Industry,36.00,In stock
144,The Project,10.65,In stock
145,The Power of Now: A Guide to Spiritual Enlightenment,43.54,In stock
146,The Omnivore's Dilemma: A Natural History of Four Meals,38.21,In stock
147,The Nerdy Nummies Cookbook: Sweet Treats for the Geek in All of Us,37.34,In stock
148,The Murder of Roger Ackroyd (Hercule Poirot #4),44.10,In stock
149,The Mistake (Off-Campus #2),43.29,In stock
150,The Matchmaker's Playbook (Wingmen Inc. #1),55.85,In stock
151,The Love and Lemons Cookbook: An Apple-to-Zucchini Celebration of Impromptu Cooking,37.60,In stock
152,The Long Shadow of Small Ghosts: Murder and Memory in an American City,10.97,In stock
153,The Kite Runner,41.82,In stock
154,The House by the Lake,36.95,In stock
155,The Glittering Court (The Glittering Court #1),44.28,In stock
156,The Girl on the Train,55.02,In stock
157,The Genius of Birds,17.24,In stock
158,The Emerald Mystery,23.15,In stock
159,The Cookies & Cups Cookbook: 125+ sweet & savory recipes reminding you to Always Eat Dessert First,41.25,In stock
160,The Bridge to Consciousness: I'm Writing the Bridge Between Science and Our Old and New Beliefs.,32.00,In stock
161,The Artist's Way: A Spiritual Path to Higher Creativity,38.49,In stock
162,The Art of War,33.34,In stock
163,The Argonauts,10.93,In stock
164,The 10% Entrepreneur: Live Your Startup Dream Without Quitting Your Day Job,27.55,In stock
165,Suddenly in Love (Lake Haven #1),55.99,In stock
166,Something More Than This,16.24,In stock
167,Soft Apocalypse,26.12,In stock
168,So You've Been Publicly Shamed,12.23,In stock
169,Shoe Dog: A Memoir by the Creator of NIKE,23.99,In stock
170,"Shobu Samurai, Project Aryoku (#3)",29.06,In stock
171,Secrets and Lace (Fatal Hearts #1),20.27,In stock
172,Scarlett Epstein Hates It Here,43.55,In stock
173,Romero and Juliet: A Tragic Tale of Love and Zombies,36.94,In stock
174,Redeeming Love,20.47,In stock
175,Poses for Artists Volume 1 - Dynamic and Sitting Poses: An Essential Reference for Figure Drawing and the Human Form,41.06,In stock
176,Poems That Make Grown Women Cry,14.19,In stock
177,"Nightingale, Sing",38.28,In stock
178,Night Sky with Exit Wounds,41.05,In stock
179,Mrs. Houdini,30.25,In stock
180,Modern Romance,28.26,In stock
181,Miss Peregrine’s Home for Peculiar Children (Miss Peregrine’s Peculiar Children #1),10.76,In stock
182,Louisa: The Extraordinary Life of Mrs. Adams,16.85,In stock
183,Little Red,13.47,In stock
184,Library of Souls (Miss Peregrine’s Peculiar Children #3),48.56,In stock
185,Large Print Heart of the Pride,19.15,In stock
186,I Had a Nice Time And Other Lies...: How to find love & sh*t like that,57.36,In stock
187,Hollow City (Miss Peregrine’s Peculiar Children #2),42.98,In stock
188,Grumbles,22.16,In stock
189,Full Moon over Noah’s Ark: An Odyssey to Mount Ararat and Beyond,49.43,In stock
190,Frostbite (Vampire Academy #2),29.99,In stock
191,Follow You Home,21.36,In stock
192,First Steps for New Christians (Print Edition),29.00,In stock
193,Finders Keepers (Bill Hodges Trilogy #2),53.53,In stock
194,"Fables, Vol. 1: Legends in Exile (Fables #1)",41.62,In stock
195,Eureka Trivia 6.0,54.59,In stock
196,Drive: The Surprising Truth About What Motivates Us,34.95,In stock
197,Done Rubbed Out (Reightman & Bailey #1),37.72,In stock
198,Doing It Over (Most Likely To #1),35.61,In stock
199,"Deliciously Ella Every Day: Quick and Easy Recipes for Gluten-Free Snacks, Packed Lunches, and Simple Meals",42.16,In stock
200,Dark Notes,19.19,In stock
201,"Daring Greatly: How the Courage to Be Vulnerable Transforms the Way We Live, Love, Parent, and Lead",19.43,In stock
202,Close to You,49.46,In stock
203,Chasing Heaven: What Dying Taught Me About Living,37.80,In stock
204,Big Magic: Creative Living Beyond Fear,30.80,In stock
205,Becoming Wise: An Inquiry into the Mystery and Art of Living,27.43,In stock
206,Beauty Restored (Riley Family Legacy Novellas #3),11.11,In stock
207,Batman: The Long Halloween (Batman),36.50,In stock
208,Batman: The Dark Knight Returns (Batman),15.38,In stock
209,Ayumi's Violin,15.48,In stock
210,Anonymous,46.82,In stock
211,Amy Meets the Saints and Sages,18.46,In stock
212,Amid the Chaos,36.58,In stock
213,Amatus,50.54,In stock
214,Agnostic: A Spirited Manifesto,12.51,In stock
215,Zealot: The Life and Times of Jesus of Nazareth,24.70,In stock
216,You (You #1),43.61,In stock
217,"Wonder Woman: Earth One, Volume One (Wonder Woman: Earth One #1)",37.34,In stock
218,Wild Swans,14.36,In stock
219,Why the Right Went Wrong: Conservatism--From Goldwater to the Tea Party and Beyond,52.65,In stock
220,Whole Lotta Creativity Going On: 60 Fun and Unusual Exercises to Awaken and Strengthen Your Creativity,38.20,In stock
221,What's It Like in Space?: Stories from Astronauts Who've Been There,19.60,In stock
222,"We Are Robin, Vol. 1: The Vigilante Business (We Are Robin #1)",53.90,In stock
223,Walt Disney's Alice in Wonderland,12.96,In stock
224,V for Vendetta (V for Vendetta Complete),37.10,In stock
225,Until Friday Night (The Field Party #1),46.31,In stock
226,"Unbroken: A World War II Story of Survival, Resilience, and Redemption",45.95,In stock
227,Twenty Yawns,22.08,In stock
228,Through the Woods,25.38,In stock
229,This Is Where It Ends,27.12,In stock
230,The Year of Magical Thinking,43.04,In stock
231,The Wright Brothers,56.80,In stock
232,The White Queen (The Cousins' War #1),25.91,In stock
233,The Wedding Pact (The O'Malleys #2),32.61,In stock
234,The Time Keeper,27.88,In stock
235,The Testament of Mary,52.67,In stock
236,The Star-Touched Queen,46.02,In stock
237,The Songs of the Gods,44.48,In stock
238,The Song of Achilles,37.40,In stock
239,The Rosie Project (Don Tillman #1),54.04,In stock
240,The Power of Habit: Why We Do What We Do in Life and Business,16.88,In stock
241,The Marriage of Opposites,28.08,In stock
242,The Lucifer Effect: Understanding How Good People Turn Evil,10.40,In stock
243,The Long Haul (Diary of a Wimpy Kid #9),44.07,In stock
244,The Loney,23.40,In stock
245,The Literature Book (Big Ideas Simply Explained),17.43,In stock
246,The Last Mile (Amos Decker #2),54.21,In stock
247,The Immortal Life of Henrietta Lacks,40.67,In stock
248,The Hidden Oracle (The Trials of Apollo #1),52.26,In stock
249,The Help Yourself Cookbook for Kids: 60 Easy Plant-Based Recipes Kids Can Make to Stay Healthy and Save the Earth,28.77,In stock
250,The Guilty (Will Robie #4),13.82,In stock
251,The First Hostage (J.B. Collins #2),25.85,In stock
252,The Dovekeepers,48.78,In stock
253,The Darkest Lie,35.35,In stock
254,The Bane Chronicles (The Bane Chronicles #1-11),44.73,In stock
255,The Bad-Ass Librarians of Timbuktu: And Their Race to Save the World’s Most Precious Manuscripts,15.77,In stock
256,The 14th Colony (Cotton Malone #11),39.24,In stock
257,That Darkness (Gardiner and Renner #1),13.92,In stock
258,Tastes Like Fear (DI Marnie Rome #3),10.69,In stock
259,Take Me with You,45.21,In stock
260,Swell: A Year of Waves,45.58,In stock
261,Superman Vol. 1: Before Truth (Superman by Gene Luen Yang #1),11.89,In stock
262,Still Life with Bread Crumbs,26.41,In stock
263,Steve Jobs,39.50,In stock
264,Sorting the Beef from the Bull: The Science of Food Fraud Forensics,44.74,In stock
265,Someone Like You (The Harrisons #2),52.79,In stock
266,"So Cute It Hurts!!, Vol. 6 (So Cute It Hurts!! #6)",35.43,In stock
267,Shtum,55.84,In stock
268,See America: A Celebration of Our National Parks & Treasured Sites,48.87,In stock
269,salt.,46.78,In stock
270,Robin War,47.82,In stock
271,"Red Hood/Arsenal, Vol. 1: Open for Business (Red Hood/Arsenal #1)",25.48,In stock
272,Rain Fish,23.57,In stock
273,"Quarter Life Poetry: Poems for the Young, Broke and Hangry",50.89,In stock
274,Pet Sematary,10.56,In stock
275,"Overload: How to Unplug, Unwind, and Unleash Yourself from the Pressure of Stress",52.15,In stock
276,Once Was a Time,18.28,In stock
277,Old School (Diary of a Wimpy Kid #10),11.83,In stock
278,No Dream Is Too High: Life Lessons From a Man Who Walked on the Moon,21.95,In stock
279,"Naruto (3-in-1 Edition), Vol. 14: Includes Vols. 40, 41 & 42 (Naruto: Omnibus #14)",38.39,In stock
280,My Name Is Lucy Barton,41.56,In stock
281,My Mrs. Brown,24.48,In stock
282,My Kind of Crazy,40.36,In stock
283,Mr. Mercedes (Bill Hodges Trilogy #1),28.90,In stock
284,More Than Music (Chasing the Dream #1),37.61,In stock
285,Made to Stick: Why Some Ideas Survive and Others Die,38.85,In stock
286,Luis Paints the World,53.95,In stock
287,Luckiest Girl Alive,49.83,In stock
288,Lowriders to the Center of the Earth (Lowriders in Space #2),51.51,In stock
289,Love Is a Mix Tape (Music #1),18.03,In stock
290,Looking for Lovely: Collecting the Moments that Matter,29.14,In stock
291,"Living Leadership by Insight: A Good Leader Achieves, a Great Leader Builds Monuments",46.91,In stock
292,Let It Out: A Journey Through Journaling,26.79,In stock
293,Lady Midnight (The Dark Artifices #1),16.28,In stock
294,"It's All Easy: Healthy, Delicious Weeknight Meals in under 30 Minutes",19.55,In stock
295,Island of Dragons (Unwanteds #7),29.65,In stock
296,I Know What I'm Doing -- and Other Lies I Tell Myself: Dispatches from a Life Under Construction,25.98,In stock
297,I Am Pilgrim (Pilgrim #1),10.60,In stock
298,"Hyperbole and a Half: Unfortunate Situations, Flawed Coping Mechanisms, Mayhem, and Other Things That Happened",14.75,In stock
299,"Hush, Hush (Hush, Hush #1)",47.02,In stock
300,Hold Your Breath (Search and Rescue #1),28.82,In stock
301,Hamilton: The Revolution,58.79,In stock
302,Greek Mythic History,10.23,In stock
303,God: The Most Unpleasant Character in All Fiction,30.03,In stock
304,Glory over Everything: Beyond The Kitchen House,45.84,In stock
305,Feathers: Displays of Brilliant Plumage,49.05,In stock
306,"Far & Away: Places on the Brink of Change: Seven Continents, Twenty-Five Years",15.06,In stock
307,Every Last Word,46.47,In stock
308,Eligible (The Austen Project #4),27.09,In stock
309,El Deafo,57.62,In stock
310,Eight Hundred Grapes,14.39,In stock
311,"Eaternity: More than 150 Deliciously Easy Vegan Recipes for a Long, Healthy, Satisfied, Joyful Life",51.75,In stock
312,"Eat Fat, Get Thin",54.07,In stock
313,Don't Get Caught,55.35,In stock
314,Doctor Sleep (The Shining #2),40.12,In stock
315,Demigods & Magicians: Percy and Annabeth Meet the Kanes (Percy Jackson & Kane Chronicles Crossover #1-3),37.51,In stock
316,Dear Mr. Knightley,11.21,In stock
317,Daily Fantasy Sports,36.58,In stock
318,Crazy Love: Overwhelmed by a Relentless God,47.72,In stock
319,Cometh the Hour (The Clifton Chronicles #6),25.01,In stock
320,Code Name Verity (Code Name Verity #1),22.13,In stock
321,Clockwork Angel (The Infernal Devices #1),44.14,In stock
322,City of Glass (The Mortal Instruments #3),56.02,In stock
323,City of Fallen Angels (The Mortal Instruments #4),11.23,In stock
324,City of Bones (The Mortal Instruments #1),43.28,In stock
325,City of Ashes (The Mortal Instruments #2),47.27,In stock
326,Cell,20.29,In stock
327,Catching Jordan (Hundred Oaks),50.83,In stock
328,"Carry On, Warrior: Thoughts on Life Unarmed",31.85,In stock
329,Carrie,46.23,In stock
330,Buying In: The Secret Dialogue Between What We Buy and Who We Are,37.80,In stock
331,Brain on Fire: My Month of Madness,49.32,In stock
332,Batman: Europa,32.01,In stock
333,Barefoot Contessa Back to Basics,28.01,In stock
334,Barefoot Contessa at Home: Everyday Recipes You'll Make Over and Over Again,50.62,In stock
335,Balloon Animals,17.03,In stock
336,Art Ops Vol. 1,48.80,In stock
337,Aristotle and Dante Discover the Secrets of the Universe (Aristotle and Dante Discover the Secrets of the Universe #1),58.14,In stock
338,Angels Walking (Angels Walking #1),34.20,In stock
339,Angels & Demons (Robert Langdon #1),51.48,In stock
340,All the Light We Cannot See,29.87,In stock
341,"Adulthood Is a Myth: A ""Sarah's Scribbles"" Collection",10.90,In stock
342,Abstract City,56.37,In stock
343,A Time of Torment (Charlie Parker #14),48.35,In stock
344,A Study in Scarlet (Sherlock Holmes #1),16.73,In stock
345,"A Series of Catastrophes and Miracles: A True Story of Love, Science, and Cancer",56.48,In stock
346,A People's History of the United States,40.79,In stock
347,A Man Called Ove,39.72,In stock
348,A Distant Mirror: The Calamitous 14th Century,14.58,In stock
349,A Brush of Wings (Angels Walking #3),55.51,In stock
350,1491: New Revelations of the Americas Before Columbus,21.80,In stock
351,"The Three Searches, Meaning, and the Story",13.33,In stock
352,Searching for Meaning in Gailana,38.73,In stock
353,Rook,37.86,In stock
354,My Kitchen Year: 136 Recipes That Saved My Life,11.53,In stock
355,13 Hours: The Inside Account of What Really Happened In Benghazi,27.06,In stock
356,Will You Won't You Want Me?,13.86,In stock
357,Tipping Point for Planet Earth: How Close Are We to the Edge?,37.55,In stock
358,The Star-Touched Queen,32.30,In stock
359,The Silent Sister (Riley MacPherson #1),46.29,In stock
360,The Midnight Watch: A Novel of the Titanic and the Californian,26.20,In stock
361,The Lonely City: Adventures in the Art of Being Alone,33.26,In stock
362,The Gray Rhino: How to Recognize and Act on the Obvious Dangers We Ignore,59.15,In stock
363,The Golden Condom: And Other Essays on Love Lost and Found,39.43,In stock
364,The Epidemic (The Program 0.6),14.44,In stock
365,The Dinner Party,56.54,In stock
366,The Diary of a Young Girl,59.90,In stock
367,The Children,11.88,In stock
368,Stars Above (The Lunar Chronicles #4.5),48.05,In stock
369,Snatched: How A Drug Queen Went Undercover for the DEA and Was Kidnapped By Colombian Guerillas,21.21,In stock
370,Raspberry Pi Electronics Projects for the Evil Genius,49.67,In stock
371,Quench Your Own Thirst: Business Lessons Learned Over a Beer or Two,43.14,In stock
372,Psycho: Sanitarium (Psycho #1.5),36.97,In stock
373,Poisonous (Max Revere Novels #3),26.80,In stock
374,One with You (Crossfire #5),15.71,In stock
375,No Love Allowed (Dodge Cove #1),54.65,In stock
376,Murder at the 42nd Street Library (Raymond Ambler #1),54.36,In stock
377,Most Wanted,35.28,In stock
378,"Love, Lies and Spies",20.55,In stock
379,How to Speak Golf: An Illustrated Guide to Links Lingo,58.32,In stock
380,Hide Away (Eve Duncan #20),11.84,In stock
381,Furiously Happy: A Funny Book About Horrible Things,41.46,In stock
382,Everyday Italian: 125 Simple and Delicious Recipes,20.10,In stock
383,Equal Is Unfair: America's Misguided Fight Against Income Inequality,56.86,In stock
384,Eleanor & Park,56.51,In stock
385,Dirty (Dive Bar #1),40.83,In stock
386,Can You Keep a Secret? (Fear Street Relaunch #4),48.64,In stock
387,Boar Island (Anna Pigeon #19),59.48,In stock
388,A Paris Apartment,39.01,In stock
389,"A la Mode: 120 Recipes in 60 Pairings: Pies, Tarts, Cakes, Crisps, and More Topped with Ice Cream, Gelato, Frozen Custard, and More",38.77,In stock
390,Troublemaker: Surviving Hollywood and Scientology,48.39,In stock
391,The Widow,27.26,In stock
392,"The Sleep Revolution: Transforming Your Life, One Night at a Time",11.68,In stock
393,The Improbability of Love,59.45,In stock
394,The Art of Startup Fundraising,21.00,In stock
395,Take Me Home Tonight (Rock Star Romance #3),53.98,In stock
396,Sleeping Giants (Themis Files #1),48.74,In stock
397,"Setting the World on Fire: The Brief, Astonishing Life of St. Catherine of Siena",21.15,In stock
398,Playing with Fire,13.71,In stock
399,Off the Hook (Fishing for Trouble #1),47.67,In stock
400,Mothering Sunday,13.34,In stock
401,"Mother, Can You Not?",16.89,In stock
402,M Train,27.18,In stock
403,Lilac Girls,17.28,In stock
404,Lies and Other Acts of Love,45.14,In stock
405,Lab Girl,40.85,In stock
406,Keep Me Posted,20.46,In stock
407,It Didn't Start with You: How Inherited Family Trauma Shapes Who We Are and How to End the Cycle,56.27,In stock
408,Grey (Fifty Shades #4),48.49,In stock
409,"Exit, Pursued by a Bear",51.34,In stock
410,Daredevils,16.34,In stock
411,Cravings: Recipes for What You Want to Eat,20.50,In stock
412,Born for This: How to Find the Work You Were Meant to Do,21.59,In stock
413,Arena,21.36,In stock
414,Adultery,20.88,In stock
415,A Mother's Reckoning: Living in the Aftermath of Tragedy,19.53,In stock
416,A Gentleman's Position (Society of Gentlemen #3),14.75,In stock
417,11/22/63,48.48,In stock
418,"10% Happier: How I Tamed the Voice in My Head, Reduced Stress Without Losing My Edge, and Found Self-Help That Actually Works",24.57,In stock
419,10-Day Green Smoothie Cleanse: Lose Up to 15 Pounds in 10 Days!,49.71,In stock
420,Without Shame,48.27,In stock
421,Watchmen,58.05,In stock
422,Unlimited Intuition Now,58.87,In stock
423,Underlying Notes,11.82,In stock
424,The Shack,28.03,In stock
425,The New Brand You: Your New Image Makes the Sale for You,44.05,In stock
426,"The Moosewood Cookbook: Recipes from Moosewood Restaurant, Ithaca, New York",12.34,In stock
427,The Flowers Lied,16.68,In stock
428,"The Fabric of the Cosmos: Space, Time, and the Texture of Reality",55.91,In stock
429,The Book of Mormon,24.57,In stock
430,The Art and Science of Low Carbohydrate Living,52.98,In stock
431,The Alien Club,54.40,In stock
432,Suzie Snowflake: One beautiful flake (a self-esteem story),54.81,In stock
433,Nap-a-Roo,25.08,In stock
434,"NaNo What Now? Finding your editing process, revising your NaNoWriMo book and building a writing career through publishing and beyond",10.41,In stock
435,Modern Day Fables,47.44,In stock
436,If I Gave You God's Phone Number....: Searching for Spirituality in America,20.91,In stock
437,"Fruits Basket, Vol. 9 (Fruits Basket #9)",33.95,In stock
438,Dress Your Family in Corduroy and Denim,43.68,In stock
439,Don't Forget Steven,33.23,In stock
